Muc_Do,Noi_lam_Dich_Vu,Ten_Dich_Vu,The_Loai_Chinh,URL_Chi_Tiet
,cơ quan quản lý căn cước của Công an cấp tỉnh.,"Cấp xác nhận số chứng minh nhân dân 09 số, số định danh cá nhân tại Công an cấp tỉnh","Cấp, quản lý thẻ căn cước công dân",https://conganthanhhoa.gov.vn/dich-vu-cong/cap-quan-ly-the-can-cuoc-cong-dan/cap-xac-nhan-so-chung-minh-nhan-dan-09-so-so-dinh-danh-ca-nhan-tai-cong-an-cap-tinh.html
,"cơ quan quản lý căn cước của Công an cấp tỉnh (Phòng Cảnh sát quản lý hành chính về trật tự xã hội, Công an tỉnh, thành phố trực thuộc trung ương).",Khai thác thông tin của công dân trong Cơ sở dữ liệu căn cước tại Công an cấp tỉnh,"Cấp, quản lý thẻ căn cước công dân",https://conganthanhhoa.gov.vn/dich-vu-cong/cap-quan-ly-the-can-cuoc-cong-dan/khai-thac-thong-tin-cua-cong-dan-trong-co-so-du-lieu-can-cuoc-tai-cong-an-cap-tinh.html
,"cơ quan quản lý căn cước của Công an cấp tỉnh (Phòng Cảnh sát quản lý hành chính về trật tự xã hội, Công an tỉnh, thành phố trực thuộc trung ương).",Khai thác thông tin người gốc Việt Nam chưa xác định được quốc tịch trong Cơ sở dữ liệu quốc gia về dân cư tại Công an cấp tỉnh,"Cấp, quản lý thẻ căn cước công dân",https://conganthanhhoa.gov.vn/dich-vu-cong/cap-quan-ly-the-can-cuoc-cong-dan/khai-thac-thong-tin-nguoi-goc-viet-nam-chua-xac-dinh-duoc-quoc-tich-trong-co-so-du-lieu-quoc-gia-ve-dan-cu-tai-cong-an-c2.html
,"cơ quan quản lý căn cước của Công an cấp tỉnh (Phòng Cảnh sát Quản lý hành chính về trật tự xã hội, Công an các tỉnh, thành phố trực thuộc Trung ương).",Cấp thẻ căn cước cho người từ đủ 14 tuổi trở lên tại Công an cấp tỉnh,"Cấp, quản lý thẻ căn cước công dân",https://conganthanhhoa.gov.vn/dich-vu-cong/cap-quan-ly-the-can-cuoc-cong-dan/cap-the-can-cuoc-cho-nguoi-tu-du-14-tuoi-tro-len-tai-cong-an-cap-tinh.html
,"cơ quan quản lý căn cước của Công an cấp tỉnh (Phòng Cảnh sát Quản lý hành chính về trật tự xã hội, Công an các tỉnh, thành phố trực thuộc Trung ương).",Cấp thẻ căn cước cho người dưới 14 tuổi  tại Công an cấp tỉnh,"Cấp, quản lý thẻ căn cước công dân",https://conganthanhhoa.gov.vn/dich-vu-cong/cap-quan-ly-the-can-cuoc-cong-dan/cap-the-can-cuoc-cho-nguoi-duoi-14-tuoi-tai-cong-an-cap-tinh.html
,"cơ quan quản lý căn cước của Công an cấp tỉnh (Phòng Cảnh sát Quản lý hành chính về trật tự xã hội, Công an các tỉnh, thành phố trực thuộc Trung ương).",Cấp đổi thẻ căn cước tại Công an cấp tỉnh,"Cấp, quản lý thẻ căn cước công dân",https://conganthanhhoa.gov.vn/dich-vu-cong/cap-quan-ly-the-can-cuoc-cong-dan/cap-doi-the-can-cuoc-tai-cong-an-cap-tinh.html
,"cơ quan quản lý căn cước của Công an cấp tỉnh (Phòng Cảnh sát Quản lý hành chính về trật tự xã hội, Công an các tỉnh, thành phố trực thuộc Trung ương).",Cấp lại thẻ căn cước tại Công an cấp tỉnh,"Cấp, quản lý thẻ căn cước công dân",https://conganthanhhoa.gov.vn/dich-vu-cong/cap-quan-ly-the-can-cuoc-cong-dan/cap-lai-the-can-cuoc-tai-cong-an-cap-tinh.html
,"cơ quan quản lý căn cước của Công an cấp tỉnh (Phòng Cảnh sát Quản lý hành chính về trật tự xã hội, Công an các tỉnh, thành phố trực thuộc Trung ương).",Cấp đổi giấy chứng nhận căn cước tại Công an cấp tỉnh,"Cấp, quản lý thẻ căn cước công dân",https://conganthanhhoa.gov.vn/dich-vu-cong/cap-quan-ly-the-can-cuoc-cong-dan/cap-doi-giay-chung-nhan-can-cuoc-tai-cong-an-cap-tinh.html
,"cơ quan quản lý căn cước của Công an cấp tỉnh (Phòng Cảnh sát Quản lý hành chính về trật tự xã hội, Công an các tỉnh, thành phố trực thuộc Trung ương).",Cấp lại giấy chứng nhận căn cước tại Công an cấp tỉnh,"Cấp, quản lý thẻ căn cước công dân",https://conganthanhhoa.gov.vn/dich-vu-cong/cap-quan-ly-the-can-cuoc-cong-dan/cap-lai-giay-chung-nhan-can-cuoc-tai-cong-an-cap-tinh.html
,"cơ quan quản lý căn cước của Công an cấp tỉnh (Phòng Cảnh sát Quản lý hành chính về trật tự xã hội, Công an các tỉnh, thành phố trực thuộc Trung ương)","Tích hợp, cập nhật, điều chỉnh thông tin trên thẻ căn cước tại Công an cấp tỉnh","Cấp, quản lý thẻ căn cước công dân",https://conganthanhhoa.gov.vn/dich-vu-cong/cap-quan-ly-the-can-cuoc-cong-dan/tich-hop-cap-nhat-dieu-chinh-thong-tin-tren-the-can-cuoc-tai-cong-an-cap-tinh.html
,cơ quan quản lý căn cước của Công an cấp tỉnh,Khai thác thông tin công dân trong Cơ sở dữ liệu quốc gia về dân cư tại Công an cấp tỉnh,"Cấp, quản lý thẻ căn cước công dân",https://conganthanhhoa.gov.vn/dich-vu-cong/cap-quan-ly-the-can-cuoc-cong-dan/khai-thac-thong-tin-cong-dan-trong-co-so-du-lieu-quoc-gia-ve-dan-cu-tai-cong-an-cap-tinh.html
,"Cơ quan quản lý căn cước của Công an cấp tỉnh (Phòng Cảnh sát quản lý hành chính về trật tự xã hội, Công an tỉnh, thành phố trực thuộc trung ương).",Khai thác thông tin người gốc Việt Nam chưa xác định được quốc tịch trong Cơ sở dữ liệu căn cước tại Công an cấp tỉnh,"Cấp, quản lý thẻ căn cước công dân",https://conganthanhhoa.gov.vn/dich-vu-cong/cap-quan-ly-the-can-cuoc-cong-dan/khai-thac-thong-tin-nguoi-goc-viet-nam-chua-xac-dinh-duoc-quoc-tich-trong-co-so-du-lieu-can-cuoc..html
,"Cơ quan quản lý căn cước của Công an cấp tỉnh (Phòng Cảnh sát Quản lý hành chính về trật tự xã hội, Công an các tỉnh, thành phố) trong cả nước không phụ thuộc vào nơi cư trú.","Thu thập, cập nhật thông tin sinh trắc học về giọng nói vào Cơ sở dữ liệu về căn cước tại Công an cấp tỉnh","Cấp, quản lý thẻ căn cước công dân",https://conganthanhhoa.gov.vn/dich-vu-cong/cap-quan-ly-the-can-cuoc-cong-dan/thu-thap-cap-nhat-thong-tin-sinh-trac-hoc-ve-giong-noi-vao-co-so-du-lieu-ve-can-cuoc-tai-cong-an-cap-tinh.html
,"Cơ quan quản lý căn cước của Công an cấp tỉnh (Phòng Cảnh sát Quản lý hành chính về trật tự xã hội, Công an các tỉnh, thành phố) trong cả nước không phụ thuộc vào nơi cư trú.","Thu thập, cập nhật thông tin sinh trắc học về ADN vào Cơ sở dữ liệu về căn cước tại Công an cấp tỉnh","Cấp, quản lý thẻ căn cước công dân",https://conganthanhhoa.gov.vn/dich-vu-cong/cap-quan-ly-the-can-cuoc-cong-dan/thu-thap-cap-nhat-thong-tin-sinh-trac-hoc-ve-adn-vao-co-so-du-lieu-ve-can-cuoc-tai-cong-an-cap-tinh.html
,"Công an cấp xã nơi công dân đăng ký thường trú hoặc tạm trú hoặc nơi ở hiện tại đối với trường hợp không đủ điều kiện đăng ký thường trú, đăng ký tạm trú.",Khai thác thông tin công dân trong Cơ sở dữ liệu quốc gia về dân cư tại Công an cấp xã,"Cấp, quản lý thẻ căn cước công dân",https://conganthanhhoa.gov.vn/dich-vu-cong/cap-quan-ly-the-can-cuoc-cong-dan/khai-thac-thong-tin-cong-dan-trong-co-so-du-lieu-quoc-gia-ve-dan-cu-tai-cong-an-cap-xa.html
,"Công an cấp xã nơi công dân đăng ký thường trú hoặc tạm trú hoặc nơi ở hiện tại đối với trường hợp không đủ điều kiện đăng ký thường trú, đăng ký tạm trú.","Cấp xác nhận số chứng minh nhân dân 09 số, số định danh cá nhân tại Công an cấp xã","Cấp, quản lý thẻ căn cước công dân",https://conganthanhhoa.gov.vn/dich-vu-cong/cap-quan-ly-the-can-cuoc-cong-dan/cap-xac-nhan-so-chung-minh-nhan-dan-09-so-so-dinh-danh-ca-nhan-tai-cong-an-cap-xa2.html
,"Công an cấp xã nơi công dân đăng ký thường trú hoặc tạm trú hoặc nơi ở hiện tại đối với trường hợp không đủ điều kiện đăng ký thường trú, đăng ký tạm trú.",Khai thác thông tin người gốc Việt Nam chưa xác định được quốc tịch trong Cơ sở dữ liệu quốc gia về dân cư tại Công an cấp xã,"Cấp, quản lý thẻ căn cước công dân",https://conganthanhhoa.gov.vn/dich-vu-cong/cap-quan-ly-the-can-cuoc-cong-dan/khai-thac-thong-tin-nguoi-goc-viet-nam-chua-xac-dinh-duoc-quoc-tich-trong-co-so-du-lieu-quoc-gia-ve-dan-cu-tai-cong-an-c.html
,"Công an cấp xã nơi công dân đăng ký thường trú hoặc tạm trú hoặc nơi ở hiện tại đối với trường hợp không đủ điều kiện đăng ký thường trú, đăng ký tạm trú.",Điều chỉnh thông tin trong Cơ sở dữ liệu quốc gia về dân cư theo đề nghị của công dân tại Công an cấp xã,"Cấp, quản lý thẻ căn cước công dân",https://conganthanhhoa.gov.vn/dich-vu-cong/cap-quan-ly-the-can-cuoc-cong-dan/dieu-chinh-thong-tin-trong-co-so-du-lieu-quoc-gia-ve-dan-cu-theo-de-nghi-cua-cong-dan-tai-cong-an-cap-xa.html
,"Công an cấp xã nơi công dân đăng ký thường trú hoặc tạm trú hoặc nơi ở hiện tại đối với trường hợp không đủ điều kiện đăng ký thường trú, đăng ký tạm trú.","Hủy, xác lập lại số định danh cá nhân tại Công an cấp xã","Cấp, quản lý thẻ căn cước công dân",https://conganthanhhoa.gov.vn/dich-vu-cong/cap-quan-ly-the-can-cuoc-cong-dan/huy-xac-lap-lai-so-dinh-danh-ca-nhan-tai-cong-an-cap-xa.html
Thủ tục hành chính cấp độ 2,Đơn vị hạ sĩ quan chiến sĩ đang phục vụ,"Cấp thẻ bảo hiểm y tế cho thân nhân của sĩ quan, hạ sĩ quan, chiến sĩ đang công tác trong lực lượng Công an nhân dân",Chính sách,https://conganthanhhoa.gov.vn/dich-vu-cong/chinh-sach/cap-the-bao-hiem-y-te-cho-than-nhan-cua-si-quan-ha-si-quan-c.html
Thủ tục hành chính cấp độ 2,Đơn vị hạ sĩ quan chiến sĩ đang phục vụ,"Xét công nhận liệt sỹ, cấp bằng “Tổ quốc ghi công” và “Giấy chứng nhận gia đình liệt sỹ” đối với liệt sĩ và thân nhân liệt sỹ tại Công an cấp tỉnh",Chính sách,https://conganthanhhoa.gov.vn/dich-vu-cong/chinh-sach/xet-cong-nhan-liet-sy-cap-bang-to-quoc-ghi-cong-va-giay-chun.html
Thủ tục hành chính cấp độ 2,Phòng Tổ chức cán bộ,"Xét hưởng chế độ đối với người trực tiếp tham gia chiến tranh bảo vệ Tổ quốc, làm nhiệm vụ quốc tế ở Campuchia, giúp bạn Lào nhưng chưa được hưởng chế độ, chính sách của Đảng và Nhà nước tại Công an tỉnh, thành phố trực thuộc Trung ương",Chính sách,https://conganthanhhoa.gov.vn/dich-vu-cong/chinh-sach/xet-huong-che-do-doi-voi-nguoi-truc-tiep-tham-gia-chien-tran.html
Thủ tục hành chính cấp độ 2,Phòng Tổ chức cán bộ,"Xét hưởng chế độ đối với cán bộ, chiến sĩ Công an nhân dân tham gia kháng chiến chống Mỹ có dưới 20 năm công tác trong Công an nhân dân đã thôi việc, xuất ngũ về địa phương",Chính sách,https://conganthanhhoa.gov.vn/dich-vu-cong/chinh-sach/xet-huong-che-do-doi-voi-can-bo-chien-si-cong-an-nhan-dan-th.html
Thủ tục hành chính cấp độ 2,"Công an đơn vị, địa phương có người hoạt động cách mạng trước ngày 01/01/1945 và người hoạt động cách mạng từ 01/01/1945 đến trước tổng khởi nghĩa 19/8/1945",Xét công nhận người hoạt động cách mạng trước ngày 01/01/1945 và người hoạt động cách mạng từ 01/01/1945 đến trước tổng khởi nghĩa 19/8/1945 tại Công an cấp tỉnh,Chính sách,https://conganthanhhoa.gov.vn/dich-vu-cong/chinh-sach/xet-cong-nhan-nguoi-hoat-dong-cach-mang-truoc-ngay-01-01-194.html
Thủ tục hành chính cấp độ 2,"Công an đơn vị, địa phương có người bị thương","Xét hưởng trợ cấp đối với thương binh, người được hưởng chính sách như thương binh tại Công an cấp tỉnh",Chính sách,https://conganthanhhoa.gov.vn/dich-vu-cong/chinh-sach/xet-huong-tro-cap-doi-voi-thuong-binh-nguoi-duoc-huong-chinh.html
Thủ tục hành chính cấp độ 2,"Công an các đơn vị, địa phương",Xét trợ cấp đối với người hoạt động kháng chiến bị nhiễm chất độc hoá học tại Công an cấp tỉnh,Chính sách,https://conganthanhhoa.gov.vn/dich-vu-cong/chinh-sach/xet-tro-cap-doi-voi-nguoi-hoat-dong-khang-chien-bi-nhiem-cha.html
Thủ tục hành chính cấp độ 2,Các đơn vị thuộc công an cấp Tỉnh,Xét khen thưởng trong phong trào toàn dân bảo vệ an ninh Tổ quốc tại Công an cấp tỉnh,Chính sách,https://conganthanhhoa.gov.vn/dich-vu-cong/chinh-sach/xet-khen-thuong-trong-phong-trao-toan-dan-bao-ve-an-ninh-to-.html
Thủ tục hành chính cấp độ 4,Phòng Cảnh sát quản lý hành chính về trật tự xã hội Công an cấp tỉnh.,"Đổi, cấp lại Giấy chứng nhận đăng ký mẫu con dấu","Đăng ký, quản lý con dấu",https://conganthanhhoa.gov.vn/dich-vu-cong/dang-ky-quan-ly-con-dau/thu-tuc-doi-cap-lai-giay-chung-nhan-dang-ky-mau-con-dau.html
Thủ tục hành chính cấp độ 4,Phòng Cảnh sát quản lý hành chính về trật tự xã hội Công an cấp tỉnh.,"Đăng ký dấu nổi, dấu thu nhỏ, dấu xi","Đăng ký, quản lý con dấu",https://conganthanhhoa.gov.vn/dich-vu-cong/dang-ky-quan-ly-con-dau/dang-ky-dau-noi-dau-thu-nho-dau-xi.html
Thủ tục hành chính cấp độ 4,Phòng Cảnh sát quản lý hành chính về trật tự xã hội Công an cấp tỉnh.,Đăng ký lại mẫu con dấu,"Đăng ký, quản lý con dấu",https://conganthanhhoa.gov.vn/dich-vu-cong/dang-ky-quan-ly-con-dau/dang-ky-lai-mau-con-dau.html
Thủ tục hành chính cấp độ 4,Phòng Cảnh sát quản lý hành chính về trật tự xã hội,Đăng ký thêm con dấu,"Đăng ký, quản lý con dấu",https://conganthanhhoa.gov.vn/dich-vu-cong/dang-ky-quan-ly-con-dau/dang-ky-them-con-dau.html
Thủ tục hành chính cấp độ 4,Phòng Cảnh sát quản lý hành chính về trật tự xã hội,Đăng ký mẫu con dấu mới,"Đăng ký, quản lý con dấu",https://conganthanhhoa.gov.vn/dich-vu-cong/dang-ky-quan-ly-con-dau/dang-ky-mau-con-dau-moi.html
Thủ tục hành chính cấp độ 4,Cơ quan công an cấp xã.,"Khai báo thông tin về cư trú đối với người chưa đủ điều kiện đăng ký thường trú, đăng ký tạm trú","Đăng ký, quản lý cư trú",https://conganthanhhoa.gov.vn/dich-vu-cong/dang-ky-quan-ly-cu-tru/khai-bao-thong-tin-ve-cu-tru-doi-voi-nguoi-chua-du-dieu-kien.html
Thủ tục hành chính cấp độ 4,Công an cấp xã.,Khai báo tạm vắng,"Đăng ký, quản lý cư trú",https://conganthanhhoa.gov.vn/dich-vu-cong/dang-ky-quan-ly-cu-tru/khai-bao-tam-vang.html
Thủ tục hành chính cấp độ 4,Công an cấp xã.,Thông báo lưu trú,"Đăng ký, quản lý cư trú",https://conganthanhhoa.gov.vn/dich-vu-cong/dang-ky-quan-ly-cu-tru/thong-bao-luu-tru.html
Thủ tục hành chính cấp độ 4,Công an cấp xã.,Xóa đăng ký tạm trú,"Đăng ký, quản lý cư trú",https://conganthanhhoa.gov.vn/dich-vu-cong/dang-ky-quan-ly-cu-tru/xoa-dang-ky-tam-tru.html
Thủ tục hành chính cấp độ 4,Công an cấp xã.,Gia hạn tạm trú,"Đăng ký, quản lý cư trú",https://conganthanhhoa.gov.vn/dich-vu-cong/dang-ky-quan-ly-cu-tru/gia-han-tam-tru.html
Thủ tục hành chính cấp độ 4,Công an cấp xã.,Đăng ký tạm trú,"Đăng ký, quản lý cư trú",https://conganthanhhoa.gov.vn/dich-vu-cong/dang-ky-quan-ly-cu-tru/dang-ky-tam-tru.html
Thủ tục hành chính cấp độ 4,Công an cấp xã.,Xóa đăng ký thường trú,"Đăng ký, quản lý cư trú",https://conganthanhhoa.gov.vn/dich-vu-cong/dang-ky-quan-ly-cu-tru/xoa-dang-ky-thuong-tru3.html
Thủ tục hành chính cấp độ 4,Công an cấp xã.,Đăng ký thường trú,"Đăng ký, quản lý cư trú",https://conganthanhhoa.gov.vn/dich-vu-cong/dang-ky-quan-ly-cu-tru/dang-ky-thuong-tru3.html
Thủ tục hành chính cấp độ 4,Công an cấp xã.,Điều chỉnh thông tin về cư trú trong Cơ sở dữ liệu về cư trú,"Đăng ký, quản lý cư trú",https://conganthanhhoa.gov.vn/dich-vu-cong/dang-ky-quan-ly-cu-tru/dieu-chinh-thong-tin-ve-cu-tru-trong-co-so-du-lieu-ve-cu-tru.html
Thủ tục hành chính cấp độ 4,Công an cấp xã.,Tách hộ,"Đăng ký, quản lý cư trú",https://conganthanhhoa.gov.vn/dich-vu-cong/dang-ky-quan-ly-cu-tru/tach-ho.html
Thủ tục hành chính cấp độ 4,Công an cấp xã.,Xác nhận thông tin về cư trú,"Đăng ký, quản lý cư trú",https://conganthanhhoa.gov.vn/dich-vu-cong/dang-ky-quan-ly-cu-tru/xac-nhan-thong-tin-ve-cu-tru.html
Thủ tục hành chính cấp độ 2,Phòng Cảnh sát giao thông Công an tỉnh Thanh Hóa,Cấp phù hiệu kiểm soát cho xe ô tô mang biển số khu kinh tế - thương mại đặc biệt,"Đăng ký,quản lý phương tiện giao thông cơ giới đường bộ",https://conganthanhhoa.gov.vn/dich-vu-cong/dang-ky-quan-ly-phuong-tien-giao-thong-co-gioi-duong-bo/cap-phu-hieu-kiem-soat-cho-xe-o-to-mang-bien-so-khu-kinh-te-.html
Thủ tục hành chính cấp độ 2,Phòng Cảnh sát giao thông Công an tỉnh Thanh Hóa,Cấp giấy phép sử dụng thiết bị phát tín hiệu của xe được quyền ưu tiên,"Đăng ký,quản lý phương tiện giao thông cơ giới đường bộ",https://conganthanhhoa.gov.vn/dich-vu-cong/dang-ky-quan-ly-phuong-tien-giao-thong-co-gioi-duong-bo/cap-giay-phep-su-dung-thiet-bi-phat-tin-hieu-cua-xe-duoc-quy.html
Thủ tục hành chính cấp độ 2,Phòng Cảnh sát giao thông Công an tỉnh Thanh Hóa,"Thu hồi giấy chứng nhận đăng ký xe, biển số xe tại Công an cấp tỉnh","Đăng ký,quản lý phương tiện giao thông cơ giới đường bộ",https://conganthanhhoa.gov.vn/dich-vu-cong/dang-ky-quan-ly-phuong-tien-giao-thong-co-gioi-duong-bo/thu-hoi-giay-chung-nhan-dang-ky-xe-bien-so-xe.html
Thủ tục hành chính cấp độ 2,Phòng Cảnh sát giao thông Công an tỉnh Thanh Hóa,Đăng ký xe tạm thời tại Công an cấp tỉnh,"Đăng ký,quản lý phương tiện giao thông cơ giới đường bộ",https://conganthanhhoa.gov.vn/dich-vu-cong/dang-ky-quan-ly-phuong-tien-giao-thong-co-gioi-duong-bo/dang-ky-xe-tam-thoi.html
Thủ tục hành chính cấp độ 2,Phòng Cảnh sát giao thông Công an tỉnh Thanh Hóa,"Cấp lại giấy chứng nhận đăng ký xe, biển số xe tại Công an cấp tỉnh","Đăng ký,quản lý phương tiện giao thông cơ giới đường bộ",https://conganthanhhoa.gov.vn/dich-vu-cong/dang-ky-quan-ly-phuong-tien-giao-thong-co-gioi-duong-bo/cap-lai-giay-chung-nhan-dang-ky-xe-bien-so-xe-tai-cong-an-ca2.html
Thủ tục hành chính cấp độ 2,Phòng Cảnh sát giao thông Công an tỉnh Thanh Hóa,"Đổi giấy chứng nhận đăng ký xe, biển số xe tại Công an tỉnh","Đăng ký,quản lý phương tiện giao thông cơ giới đường bộ",https://conganthanhhoa.gov.vn/dich-vu-cong/dang-ky-quan-ly-phuong-tien-giao-thong-co-gioi-duong-bo/doi-giay-chung-nhan-dang-ky-xe-bien-so-xe-tai-cong-an-cap-ti.html
Thủ tục hành chính cấp độ 2,Phòng Cảnh sát giao thông Công an tỉnh Thanh Hóa,Đăng ký xe từ tỉnh khác chuyển đến tại Công an cấp tỉnh,"Đăng ký,quản lý phương tiện giao thông cơ giới đường bộ",https://conganthanhhoa.gov.vn/dich-vu-cong/dang-ky-quan-ly-phuong-tien-giao-thong-co-gioi-duong-bo/dang-ky-xe-tu-tinh-khac-chuyen-den-tai-cong-an-cap-tinh.html
Thủ tục hành chính cấp độ 2,Phòng Cảnh sát giao thông Công an tỉnh Thanh Hóa,Đăng ký sang tên xe trong cùng tỉnh tại Công an cấp tỉnh,"Đăng ký,quản lý phương tiện giao thông cơ giới đường bộ",https://conganthanhhoa.gov.vn/dich-vu-cong/dang-ky-quan-ly-phuong-tien-giao-thong-co-gioi-duong-bo/dang-ky-sang-ten-xe-trong-cung-tinh-thanh-pho-truc-thuoc-tru2.html
Thủ tục hành chính cấp độ 2,Phòng Cảnh sát giao thông Công an tỉnh Thanh Hóa,"Đăng ký, cấp biển số xe lần đầu tại Công an cấp tỉnh","Đăng ký,quản lý phương tiện giao thông cơ giới đường bộ",https://conganthanhhoa.gov.vn/dich-vu-cong/dang-ky-quan-ly-phuong-tien-giao-thong-co-gioi-duong-bo/dang-ky-cap-bien-so-xe.html
Thủ tục hành chính cấp độ 4,"Phòng CSGT, Công an tỉnh Thanh Hoá","Đăng ký xe lần đầu bằng dịch vụ công trực tuyến toàn trình đối với xe sản xuất, lắp ráp trong nước tại Công an tỉnh","Đăng ký,quản lý phương tiện giao thông cơ giới đường bộ",https://conganthanhhoa.gov.vn/dich-vu-cong/dang-ky-quan-ly-phuong-tien-giao-thong-co-gioi-duong-bo/dang-ky-xe-lan-dau-bang-dich-vu-cong-truc-tuyen-toan-trinh-doi-voi-xe-san-xuat-lap-rap-trong-nuoc-tai-cong-an-tinh.html
Thủ tục hành chính cấp độ 4,Công an cấp xã,"7. Đăng ký xe lần đầu bằng dịch vụ công trực tuyến toàn trình đối với xe sản xuất, lắp ráp trong nước tại công an cấp xã","Đăng ký,quản lý phương tiện giao thông cơ giới đường bộ",https://conganthanhhoa.gov.vn/dich-vu-cong/dang-ky-quan-ly-phuong-tien-giao-thong-co-gioi-duong-bo/7.-dang-ky-xe-lan-dau-bang-dich-vu-cong-truc-tuyen-toan-trinh-doi-voi-xe-san-xuat-lap-rap-trong-nuoc-tai-cong-an-cap-xa.html
Thủ tục hành chính cấp độ 3,Công an cấp xã,"6. Thu hồi đăng ký, biển số xe tại Công an cấp xã được phân cấp đăng ký xe","Đăng ký,quản lý phương tiện giao thông cơ giới đường bộ",https://conganthanhhoa.gov.vn/dich-vu-cong/dang-ky-quan-ly-phuong-tien-giao-thong-co-gioi-duong-bo/6.-thu-hoi-dang-ky-bien-so-xe-tai-cong-an-cap-xa-duoc-phan-cap-dang-ky-xe.html
Thủ tục hành chính cấp độ 3,Công an cấp xã,5. Đăng ký xe tạm thời thực hiện tại Công an cấp xã được phân cấp đăng ký xe,"Đăng ký,quản lý phương tiện giao thông cơ giới đường bộ",https://conganthanhhoa.gov.vn/dich-vu-cong/dang-ky-quan-ly-phuong-tien-giao-thong-co-gioi-duong-bo/5.-dang-ky-xe-tam-thoi-thuc-hien-tai-cong-an-cap-xa-duoc-phan-cap-dang-ky-xe.html
Thủ tục hành chính cấp độ 3,Công an cấp xã,"4. Cấp lại chứng nhận đăng ký xe, biển số xe thực hiện tại Công an xã được phân cấp đăng ký xe","Đăng ký,quản lý phương tiện giao thông cơ giới đường bộ",https://conganthanhhoa.gov.vn/dich-vu-cong/dang-ky-quan-ly-phuong-tien-giao-thong-co-gioi-duong-bo/4.-cap-lai-chung-nhan-dang-ky-xe-bien-so-xe-thuc-hien-tai-cong-an-xa-duoc-phan-cap-dang-ky-xe.html
Thủ tục hành chính cấp độ 3,Công an cấp xã,"3. Đổi giấy chứng nhận đăng ký xe, biển số xe thực hiện tại Công an cấp xã được phân cấp đăng ký xe","Đăng ký,quản lý phương tiện giao thông cơ giới đường bộ",https://conganthanhhoa.gov.vn/dich-vu-cong/dang-ky-quan-ly-phuong-tien-giao-thong-co-gioi-duong-bo/3.-doi-giay-chung-nhan-dang-ky-xe-bien-so-xe-thuc-hien-tai-cong-an-cap-xa-duoc-phan-cap-dang-ky-xe.html
Thủ tục hành chính cấp độ 3,Công an cấp xã,"2. Đăng ký sang tên, di chuyển xe thực hiện tại Công an cấp xã được phân cấp đăng ký xe","Đăng ký,quản lý phương tiện giao thông cơ giới đường bộ",https://conganthanhhoa.gov.vn/dich-vu-cong/dang-ky-quan-ly-phuong-tien-giao-thong-co-gioi-duong-bo/2.-dang-ky-sang-ten-di-chuyen-xe-thuc-hien-tai-cong-an-cap-xa-duoc-phan-cap-dang-ky-xe.html
Thủ tục hành chính cấp độ 3,Công an cấp xã,"1. Đăng ký, cấp biển số xe lần đầu thực hiện tại Công an cấp xã được phân cấp đăng ký xe","Đăng ký,quản lý phương tiện giao thông cơ giới đường bộ",https://conganthanhhoa.gov.vn/dich-vu-cong/dang-ky-quan-ly-phuong-tien-giao-thong-co-gioi-duong-bo/1.-dang-ky-cap-bien-so-xe-lan-dau-thuc-hien-tai-cong-an-cap-xa-duoc-phan-cap-dang-ky-xe.html
Thủ tục hành chính cấp độ 2,"Thanh tra Công an tỉnh, các phòng và tương đương","Giải quyết khiếu nại về quyết định hành chính, hành vi hành chính của công dân đối với lực lượng Công an nhân dân","Khiếu nại,tố cáo",https://conganthanhhoa.gov.vn/dich-vu-cong/khieu-nai-to-cao/giai-quyet-khieu-nai-ve-quyet-dinh-hanh-chinh-hanh-vi-hanh-c3.html
Thủ tục hành chính cấp độ 2,"Thanh tra Công an tỉnh, các phòng và tương đương",Giải quyết tố cáo không thuộc lĩnh vực tố tụng hình sự của công dân đối với lực lượng Công an nhân dân,"Khiếu nại,tố cáo",https://conganthanhhoa.gov.vn/dich-vu-cong/khieu-nai-to-cao/giai-quyet-to-cao-khong-thuoc-linh-vuc-to-tung-hinh-su-cua-c.html
Thủ tục hành chính cấp độ 2,"Công an phường, xã, thị trấn",Giải quyết tố cáo không thuộc lĩnh vực tố tụng hình sự của công dân đối với lực lượng Công an nhân dân,"Khiếu nại,tố cáo",https://conganthanhhoa.gov.vn/dich-vu-cong/khieu-nai-to-cao/giai-quyet-to-cao-khong-thuoc-linh-vuc-to-tung-hinh-su-cua-c3.html
Thủ tục hành chính cấp độ 2,"Công an phường, xã, thị trấn","Giải quyết khiếu nại về quyết định hành chính, hành vi hành chính của công dân đối với lực lượng Công an nhân dân","Khiếu nại,tố cáo",https://conganthanhhoa.gov.vn/dich-vu-cong/khieu-nai-to-cao/giai-quyet-khieu-nai-ve-quyet-dinh-hanh-chinh-hanh-vi-hanh-c2.html
Thủ tục hành chính cấp độ 2,"Công an huyện, thị xã, thành phố",Giải quyết tố cáo không thuộc lĩnh vực tố tụng hình sự của công dân đối với lực lượng Công an nhân dân,"Khiếu nại,tố cáo",https://conganthanhhoa.gov.vn/dich-vu-cong/khieu-nai-to-cao/giai-quyet-to-cao-khong-thuoc-linh-vuc-to-tung-hinh-su-cua-c2.html
Thủ tục hành chính cấp độ 2,"Công an huyện, thị xã, thành phố","Giải quyết khiếu nại về quyết định hành chính, hành vi hành chính của công dân đối với lực lượng Công an nhân dân","Khiếu nại,tố cáo",https://conganthanhhoa.gov.vn/dich-vu-cong/khieu-nai-to-cao/giai-quyet-khieu-nai-ve-quyet-dinh-hanh-chinh-hanh-vi-hanh-c.html
Thủ tục hành chính cấp độ 3,"Phòng Cảnh sát phòng cháy, chữa cháy và cứu nạn, cứu hộ.",KIỂM TRA CÔNG TÁC NGHIỆM THU VỀ PHÒNG CHÁY CHỮA CHÁY,Phòng cháy chữa cháy,https://conganthanhhoa.gov.vn/dich-vu-cong/phong-chay-chua-chay/nghiem-thu-ve-phong-chay-va-chua-chay3.html
Thủ tục hành chính cấp độ 3,"Phòng Cảnh sát Phòng cháy, chữa cháy và cứu nạn, cứu hộ","CẤP PHÉP LƯU THÔNG PHƯƠNG TIỆN PHÒNG CHÁY, CHỮA CHÁY, CỨU NẠN, CỨU HỘ",Phòng cháy chữa cháy,https://conganthanhhoa.gov.vn/dich-vu-cong/phong-chay-chua-chay/cap-giay-phep-van-chuyen-hang-hoa-nguy-hiem-ve-chay-no-tren-3.html
Thủ tục hành chính cấp độ 4,"Phòng Cảnh sát Phòng cháy, chữa cháy và cứu nạn, cứu hộ",CẤP GIẤY CHỨNG NHẬN KIỂM ĐỊNH PHƯƠNG TIỆN PHÒNG CHÁY VÀ CHỮA CHÁY,Phòng cháy chữa cháy,https://conganthanhhoa.gov.vn/dich-vu-cong/phong-chay-chua-chay/cap-giay-chung-nhan-kiem-dinh-phuong-tien-phong-chay-va-chua2.html
Thủ tục hành chính cấp độ 4,"Phòng Cảnh sát Phòng cháy, chữa cháy và cứu nạn, cứu hộ",THẨM ĐỊNH THIẾT KẾ VỀ PHÒNG CHÁY VÀ CHỮA CHÁY,Phòng cháy chữa cháy,https://conganthanhhoa.gov.vn/dich-vu-cong/phong-chay-chua-chay/tham-duyet-thiet-ke-ve-phong-chay-va-chua-chay2.html
Thủ tục hành chính cấp độ 3,"Phòng Cảnh sát Phòng cháy, chữa cháy và cứu nạn, cứu hộ","PHỤC HỒI HOẠT ĐỘNG CỦA CƠ SỞ, PHƯƠNG TIỆN GIAO THÔNG CƠ GIỚI, HỘ GIA ĐÌNH VÀ CÁ NHÂN",Phòng cháy chữa cháy,https://conganthanhhoa.gov.vn/dich-vu-cong/phong-chay-chua-chay/phuc-hoi-hoat-dong-cua-co-so-phuong-tien-giao-thong-co-gioi-3.html
Thủ tục hành chính cấp độ 4,"Phòng Cảnh sát Phòng cháy, chữa cháy và cứu nạn, cứu hộ","THẨM DUYỆT THIẾT KẾ VỀ PHÒNG CHÁY VÀ CHỮA CHÁY (TRƯỜNG HỢP ĐIỀU CHỈNH THIẾT KẾ TRONG QUÁ TRÌNH THI CÔNG ĐỐI VỚI DỰ ÁN ĐẦU TƯ XÂY DỰNG CÔNG TRÌNH, CÔNG TRÌNH, PHƯƠNG TIỆN GIAO THÔNG ĐÃ ĐƯỢC CƯO QUAN CÔNG AN CẤP GIẤY CHỨNG NHẬN THẨM DUYỆT THIẾT KẾ",Phòng cháy chữa cháy,https://conganthanhhoa.gov.vn/dich-vu-cong/phong-chay-chua-chay/cap-lai-giay-xac-nhan-du-dieu-kien-kinh-doanh-dich-vu-phong-3.html
Thủ tục hành chính cấp độ 3,"Phòng Cảnh sát Phòng cháy, chữa cháy và cứu nạn, cứu hộ","NGHIỆM THU VỀ PHÒNG CHÁY CHỮA CHÁY (ĐỐI VỚI DỰ ÁN ĐẦU TƯ XÂY DỰNG CÔNG TRÌNH, CÔNG TRÌNH, PHƯƠNG TIỆN GIAO THÔNG ĐÃ ĐƯỢC CƠ QUAN CÔNG AN CẤP GIẤY CHỨNG NHẬN THẨM DUYỆT THIẾT KẾ VỀ PHÒNG CHÁY VÀ CHỮA CHÁY MÀ CHƯA ĐƯỢC CHẤP THUẬN KẾT QUẢ NGHIỆM THU",Phòng cháy chữa cháy,https://conganthanhhoa.gov.vn/dich-vu-cong/phong-chay-chua-chay/cap-chung-nhan-huan-luyen-nghiep-vu-cuu-nan-cuu-ho.html
Thủ tục hành chính cấp độ 4,Phòng Cảnh sát quản lý hành chính về trật tự xã hội,"Cấp lại Giấy chứng nhận đủ điều kiện về an ninh, trật tự (thực hiện tại cấp tỉnh)",Quản lý ngành nghề kinh doanh có điều kiện,https://conganthanhhoa.gov.vn/dich-vu-cong/quan-ly-nganh-nghe-kinh-doanh-co-dieu-kien/cap-lai-giay-chung-nhan-du-dieu-kien-ve-an-ninh-trat-tu.html
Thủ tục hành chính cấp độ 4,Phòng Cảnh sát quản lý hành chính về trật tự xã hội,"Cấp đổi Giấy chứng nhận đủ điều kiện về an ninh, trật tự",Quản lý ngành nghề kinh doanh có điều kiện,https://conganthanhhoa.gov.vn/dich-vu-cong/quan-ly-nganh-nghe-kinh-doanh-co-dieu-kien/cap-doi-giay-chung-nhan-du-dieu-kien-ve-an-ninh-trat-tu.html
Thủ tục hành chính cấp độ 4,Phòng Cảnh sát quản lý hành chính về trật tự xã hội,"Cấp mới Giấy chứng nhận đủ điều kiện về an ninh, trật tự",Quản lý ngành nghề kinh doanh có điều kiện,https://conganthanhhoa.gov.vn/dich-vu-cong/quan-ly-nganh-nghe-kinh-doanh-co-dieu-kien/cap-moi-giay-chung-nhan-du-dieu-kien-ve-an-ninh-trat-tu.html
,Công an cấp xã.,"Cấp mới Giấy chứng nhận đủ điều kiện về an ninh, trật tự (thực hiện tại cấp xã)",Quản lý ngành nghề kinh doanh có điều kiện,https://conganthanhhoa.gov.vn/dich-vu-cong/quan-ly-nganh-nghe-kinh-doanh-co-dieu-kien/cap-moi-giay-chung-nhan-du-dieu-kien-ve-an-ninh-trat-tu-thuc-hien-tai-cap-xa-.html
,Công an cấp xã.,"Cấp đổi Giấy chứng nhận đủ điều kiện về an ninh, trật tự (thực hiện tại cấp xã)",Quản lý ngành nghề kinh doanh có điều kiện,https://conganthanhhoa.gov.vn/dich-vu-cong/quan-ly-nganh-nghe-kinh-doanh-co-dieu-kien/cap-doi-giay-chung-nhan-du-dieu-kien-ve-an-ninh-trat-tu-thuc-hien-tai-cap-xa-.html
Thủ tục hành chính cấp độ 4,Công an cấp xã.,"Cấp lại Giấy chứng nhận đủ điều kiện về an ninh, trật tự (thực hiện tại cấp xã)",Quản lý ngành nghề kinh doanh có điều kiện,https://conganthanhhoa.gov.vn/dich-vu-cong/quan-ly-nganh-nghe-kinh-doanh-co-dieu-kien/cap-lai-giay-chung-nhan-du-dieu-kien-ve-an-ninh-trat-tu-thuc-hien-tai-cap-xa-.html
,"Cục Cảnh sát quản lý hành chính về trật tự xã hội, Bộ Công an hoặc Phòng Cảnh sát quản lý hành chính về trật tự xã hội, Công an cấp tỉnh.","Cấp lại giấy chứng nhận sử dụng vũ khí, vật liệu nổ quân dụng, công cụ hỗ trợ; chứng chỉ quản lý kho, nơi cất giữ vũ khí, vật liệu nổ quân dụng, công cụ hỗ trợ bằng dịch vụ công trực tuyến một phần hoặc trực tiếp thực hiện tại cấp trung ương, cấp tỉnh","Quản lý vũ khí,vật liệu nổ và công cụ hỗ trợ",https://conganthanhhoa.gov.vn/dich-vu-cong/quan-ly-vu-khi-vat-lieu-no-va-cong-cu-ho-tro/cap-lai-giay-chung-nhan-su-dung-vu-khi-vat-lieu-no-quan-dung-cong-cu-ho-tro-chung-chi-quan-ly-kho-noi-cat-giu-vu-khi-vat.html
,"Cục Cảnh sát quản lý hành chính về trật tự xã hội, Bộ Công an hoặc Phòng Cảnh sát quản lý hành chính về trật tự xã hội, Công an cấp tỉnh.","Đề nghị đào tạo, huấn luyện về quản lý, sử dụng vũ khí, vật liệu nổ quân dụng, công cụ hỗ trợ và cấp, cấp đổi giấy chứng nhận sử dụng vũ khí, vật liệu nổ quân dụng, công cụ hỗ trợ; chứng chỉ quản lý kho, nơi cất giữ vũ khí, vật liệu nổ quân dụng, công cụ hỗ trợ bằng dịch vụ công trực tuyến một phần hoặc trực tiếp thực hiện tại cấp trung ương, cấp tỉnh","Quản lý vũ khí,vật liệu nổ và công cụ hỗ trợ",https://conganthanhhoa.gov.vn/dich-vu-cong/quan-ly-vu-khi-vat-lieu-no-va-cong-cu-ho-tro/de-nghi-dao-tao-huan-luyen-ve-quan-ly-su-dung-vu-khi-vat-lieu-no-quan-dung-cong-cu-ho-tro-va-cap-cap-doi-giay-chung-nhan.html
,"Cục Cảnh sát quản lý hành chính về trật tự xã hội, Bộ Công an hoặc Phòng Cảnh sát quản lý hành chính về trật tự xã hội, Công an cấp tỉnh.","Đề nghị xác nhận tình trạng vũ khí, công cụ hỗ trợ đã mất tính năng, tác dụng được sử dụng để triển lãm, trưng bày hoặc làm đạo cụ trong hoạt động văn hóa, nghệ thuật bằng dịch vụ công trực tuyến một phần hoặc trực tiếp thực hiện tại cấp trung ương, cấp tỉnh","Quản lý vũ khí,vật liệu nổ và công cụ hỗ trợ",https://conganthanhhoa.gov.vn/dich-vu-cong/quan-ly-vu-khi-vat-lieu-no-va-cong-cu-ho-tro/de-nghi-xac-nhan-tinh-trang-vu-khi-cong-cu-ho-tro-da-mat-tinh-nang-tac-dung-duoc-su-dung-de-trien-lam-trung-bay-hoac-lam.html
,"Cục Cảnh sát quản lý hành chính về trật tự xã hội, Bộ Công an hoặc Phòng Cảnh sát quản lý hành chính về trật tự xã hội, Công an cấp tỉnh.","Đề nghị làm mất tính năng, tác dụng và xác nhận tình trạng vũ khí, công cụ hỗ trợ đã mất tính năng, tác dụng được sử dụng để triển lãm, trưng bày hoặc làm đạo cụ trong hoạt động văn hóa, nghệ thuật bằng dịch vụ công trực tuyến một phần hoặc trực tiếp thực hiện tại cấp trung ương, cấp tỉnh","Quản lý vũ khí,vật liệu nổ và công cụ hỗ trợ",https://conganthanhhoa.gov.vn/dich-vu-cong/quan-ly-vu-khi-vat-lieu-no-va-cong-cu-ho-tro/de-nghi-lam-mat-tinh-nang-tac-dung-va-xac-nhan-tinh-trang-vu-khi-cong-cu-ho-tro-da-mat-tinh-nang-tac-dung-duoc-su-dung-d.html
,"Cục Cảnh sát quản lý hành chính về trật tự xã hội, Bộ Công an hoặc Phòng Cảnh sát quản lý hành chính về trật tự xã hội, Công an cấp tỉnh.","Thu hồi vũ khí, vật liệu nổ quân dụng, công cụ hỗ trợ và giấy phép, giấy chứng nhận, chứng chỉ về quản lý, sử dụng vũ khí, vật liệu nổ quân dụng, công cụ hỗ trợ bằng hình thức trực tiếp thực hiện tại cấp trung ương, cấp tỉnh","Quản lý vũ khí,vật liệu nổ và công cụ hỗ trợ",https://conganthanhhoa.gov.vn/dich-vu-cong/quan-ly-vu-khi-vat-lieu-no-va-cong-cu-ho-tro/thu-hoi-vu-khi-vat-lieu-no-quan-dung-cong-cu-ho-tro-va-giay-phep-giay-chung-nhan-chung-chi-ve-quan-ly-su-dung-vu-khi-vat.html
,"Cục Cảnh sát quản lý hành chính về trật tự xã hội, Bộ Công an hoặc Phòng Cảnh sát quản lý hành chính về trật tự xã hội, Công an cấp tỉnh.","Cấp Giấy phép sửa chữa công cụ hỗ trợ bằng dịch vụ công trực tuyến toàn trình hoặc trực tiếp thực hiện tại cấp trung ương, cấp tỉnh","Quản lý vũ khí,vật liệu nổ và công cụ hỗ trợ",https://conganthanhhoa.gov.vn/dich-vu-cong/quan-ly-vu-khi-vat-lieu-no-va-cong-cu-ho-tro/cap-giay-phep-sua-chua-cong-cu-ho-tro-bang-dich-vu-cong-truc-tuyen-toan-trinh-hoac-truc-tiep-thuc-hien-tai-cap-trung-uon.html
,"Cục Cảnh sát quản lý hành chính về trật tự xã hội, Bộ Công an hoặc Phòng Cảnh sát quản lý hành chính về trật tự xã hội, Công an cấp tỉnh.","Cấp Giấy phép vận chuyển công cụ hỗ trợ bằng dịch vụ công trực tuyến toàn trình hoặc trực tiếp thực hiện tại cấp trung ương, cấp tỉnh","Quản lý vũ khí,vật liệu nổ và công cụ hỗ trợ",https://conganthanhhoa.gov.vn/dich-vu-cong/quan-ly-vu-khi-vat-lieu-no-va-cong-cu-ho-tro/cap-giay-phep-van-chuyen-cong-cu-ho-tro-bang-dich-vu-cong-truc-tuyen-toan-trinh-hoac-truc-tiep-thuc-hien-tai-cap-trung-u.html
,"Cục Cảnh sát quản lý hành chính về trật tự xã hội, Bộ Công an hoặc Phòng Cảnh sát quản lý hành chính về trật tự xã hội, Công an cấp tỉnh.","Cấp lại Giấy phép sử dụng công cụ hỗ trợ bằng dịch vụ công trực tuyến một phần hoặc trực tiếp thực hiện tại cấp trung ương, cấp tỉnh","Quản lý vũ khí,vật liệu nổ và công cụ hỗ trợ",https://conganthanhhoa.gov.vn/dich-vu-cong/quan-ly-vu-khi-vat-lieu-no-va-cong-cu-ho-tro/cap-lai-giay-phep-su-dung-cong-cu-ho-tro-bang-dich-vu-cong-truc-tuyen-mot-phan-hoac-truc-tiep-thuc-hien-tai-cap-trung-uo.html
,"Cục Cảnh sát quản lý hành chính về trật tự xã hội, Bộ Công an hoặc Phòng Cảnh sát quản lý hành chính về trật tự xã hội, Công an cấp tỉnh.","Cấp Giấy phép sử dụng công cụ hỗ trợ bằng dịch vụ công trực tuyến một phần hoặc trực tiếp thực hiện tại cấp trung ương, cấp tỉnh","Quản lý vũ khí,vật liệu nổ và công cụ hỗ trợ",https://conganthanhhoa.gov.vn/dich-vu-cong/quan-ly-vu-khi-vat-lieu-no-va-cong-cu-ho-tro/cap-giay-phep-su-dung-cong-cu-ho-tro-bang-dich-vu-cong-truc-tuyen-mot-phan-hoac-truc-tiep-thuc-hien-tai-cap-trung-uong-c.html
,"Cục Cảnh sát quản lý hành chính về trật tự xã hội, Bộ Công an hoặc Phòng Cảnh sát quản lý hành chính về trật tự xã hội, Công an cấp tỉnh.","Cấp Giấy phép trang bị công cụ hỗ trợ bằng dịch vụ công trực tuyến toàn trình hoặc trực tiếp thực hiện tại cấp trung ương, cấp tỉnh","Quản lý vũ khí,vật liệu nổ và công cụ hỗ trợ",https://conganthanhhoa.gov.vn/dich-vu-cong/quan-ly-vu-khi-vat-lieu-no-va-cong-cu-ho-tro/cap-giay-phep-trang-bi-cong-cu-ho-tro-bang-dich-vu-cong-truc-tuyen-toan-trinh-hoac-truc-tiep-thuc-hien-tai-cap-trung-uon.html
,"Cục Cảnh sát quản lý hành chính về trật tự xã hội, Bộ Công an hoặc Phòng Cảnh sát quản lý hành chính về trật tự xã hội, Công an cấp tỉnh.","Điều chỉnh Giấy phép vận chuyển tiền chất thuốc nổ bằng dịch vụ công trực tuyến toàn trình hoặc trực tiếp thực hiện tại cấp trung ương, cấp tỉnh","Quản lý vũ khí,vật liệu nổ và công cụ hỗ trợ",https://conganthanhhoa.gov.vn/dich-vu-cong/quan-ly-vu-khi-vat-lieu-no-va-cong-cu-ho-tro/dieu-chinh-giay-phep-van-chuyen-tien-chat-thuoc-no-bang-dich-vu-cong-truc-tuyen-toan-trinh-hoac-truc-tiep-thuc-hien-tai-.html
,"Cục Cảnh sát quản lý hành chính về trật tự xã hội, Bộ Công an hoặc Phòng Cảnh sát quản lý hành chính về trật tự xã hội, Công an cấp tỉnh.","Cấp Giấy phép vận chuyển tiền chất thuốc nổ bằng dịch vụ công trực tuyến toàn trình hoặc trực tiếp thực hiện tại cấp trung ương, cấp tỉnh","Quản lý vũ khí,vật liệu nổ và công cụ hỗ trợ",https://conganthanhhoa.gov.vn/dich-vu-cong/quan-ly-vu-khi-vat-lieu-no-va-cong-cu-ho-tro/cap-giay-phep-van-chuyen-tien-chat-thuoc-no-bang-dich-vu-cong-truc-tuyen-toan-trinh-hoac-truc-tiep-thuc-hien-tai-cap-tru.html
,"Cục Cảnh sát quản lý hành chính về trật tự xã hội, Bộ Công an hoặc Phòng Cảnh sát quản lý hành chính về trật tự xã hội, Công an cấp tỉnh.","Điều chỉnh Giấy phép vận chuyển vật liệu nổ công nghiệp bằng dịch vụ công trực tuyến toàn trình hoặc trực tiếp thực hiện tại cấp trung ương, cấp tỉnh","Quản lý vũ khí,vật liệu nổ và công cụ hỗ trợ",https://conganthanhhoa.gov.vn/dich-vu-cong/quan-ly-vu-khi-vat-lieu-no-va-cong-cu-ho-tro/dieu-chinh-giay-phep-van-chuyen-vat-lieu-no-cong-nghiep-bang-dich-vu-cong-truc-tuyen-toan-trinh-hoac-truc-tiep-thuc-hien.html
,"Cục Cảnh sát quản lý hành chính về trật tự xã hội, Bộ Công an hoặc Phòng Cảnh sát quản lý hành chính về trật tự xã hội, Công an cấp tỉnh.","Cấp Giấy phép vận chuyển vật liệu nổ công nghiệp bằng dịch vụ công trực tuyến toàn trình hoặc trực tiếp thực hiện tại cấp trung ương, cấp tỉnh","Quản lý vũ khí,vật liệu nổ và công cụ hỗ trợ",https://conganthanhhoa.gov.vn/dich-vu-cong/quan-ly-vu-khi-vat-lieu-no-va-cong-cu-ho-tro/cap-giay-phep-van-chuyen-vat-lieu-no-cong-nghiep-bang-dich-vu-cong-truc-tuyen-toan-trinh-hoac-truc-tiep-thuc-hien-tai-ca.html
,"Cục Cảnh sát quản lý hành chính về trật tự xã hội, Bộ Công an hoặc Phòng Cảnh sát quản lý hành chính về trật tự xã hội, Công an cấp tỉnh.",Cấp Giấy phép vận chuyển vật liệu nổ quân dụng bằng hình trực tiếp thực hiện tại cấp trung ương,"Quản lý vũ khí,vật liệu nổ và công cụ hỗ trợ",https://conganthanhhoa.gov.vn/dich-vu-cong/quan-ly-vu-khi-vat-lieu-no-va-cong-cu-ho-tro/cap-giay-phep-van-chuyen-vat-lieu-no-quan-dung-bang-hinh-truc-tiep-thuc-hien-tai-cap-trung-uong.html
,"Cục Cảnh sát quản lý hành chính về trật tự xã hội, Bộ Công an hoặc Phòng Cảnh sát quản lý hành chính về trật tự xã hội, Công an cấp tỉnh.","Cấp Giấy phép sửa chữa vũ khí quân dụng, vũ khí thể thao bằng hình thức trực tiếp thực hiện tại cấp trung ương, cấp tỉnh","Quản lý vũ khí,vật liệu nổ và công cụ hỗ trợ",https://conganthanhhoa.gov.vn/dich-vu-cong/quan-ly-vu-khi-vat-lieu-no-va-cong-cu-ho-tro/cap-giay-phep-sua-chua-vu-khi-quan-dung-vu-khi-the-thao-bang-hinh-thuc-truc-tiep-thuc-hien-tai-cap-trung-uong-cap-tinh.html
,"Cục Cảnh sát quản lý hành chính về trật tự xã hội, Bộ Công an hoặc Phòng Cảnh sát quản lý hành chính về trật tự xã hội, Công an cấp tỉnh.","Cấp Giấy phép vận chuyển vũ khí quân dụng, vũ khí thể thao bằng hình thức trực tiếp thực hiện tại cấp trung ương, cấp tỉnh","Quản lý vũ khí,vật liệu nổ và công cụ hỗ trợ",https://conganthanhhoa.gov.vn/dich-vu-cong/quan-ly-vu-khi-vat-lieu-no-va-cong-cu-ho-tro/cap-giay-phep-van-chuyen-vu-khi-quan-dung-vu-khi-the-thao-bang-hinh-thuc-truc-tiep-thuc-hien-tai-cap-trung-uong-cap-tinh.html
,"Cục Cảnh sát quản lý hành chính về trật tự xã hội, Bộ Công an hoặc Phòng Cảnh sát quản lý hành chính về trật tự xã hội, Công an cấp tỉnh.","Cấp lại Giấy phép sử dụng vũ khí thể thao bằng dịch vụ công trực tuyến một phần hoặc trực tiếp thực hiện tại cấp trung ương, cấp tỉnh","Quản lý vũ khí,vật liệu nổ và công cụ hỗ trợ",https://conganthanhhoa.gov.vn/dich-vu-cong/quan-ly-vu-khi-vat-lieu-no-va-cong-cu-ho-tro/cap-lai-giay-phep-su-dung-vu-khi-the-thao-bang-dich-vu-cong-truc-tuyen-mot-phan-hoac-truc-tiep-thuc-hien-tai-cap-trung-u.html
,"Cục Cảnh sát quản lý hành chính về trật tự xã hội, Bộ Công an hoặc Phòng Cảnh sát quản lý hành chính về trật tự xã hội, Công an cấp tỉnh.","Cấp Giấy phép sử dụng vũ khí thể thao bằng dịch vụ công trực tuyến một phần hoặc trực tiếp thực hiện tại cấp trung ương, cấp tỉnh","Quản lý vũ khí,vật liệu nổ và công cụ hỗ trợ",https://conganthanhhoa.gov.vn/dich-vu-cong/quan-ly-vu-khi-vat-lieu-no-va-cong-cu-ho-tro/cap-giay-phep-su-dung-vu-khi-the-thao-bang-dich-vu-cong-truc-tuyen-mot-phan-hoac-truc-tiep-thuc-hien-tai-cap-trung-uong-.html
,"Cục Cảnh sát quản lý hành chính về trật tự xã hội, Bộ Công an hoặc Phòng Cảnh sát quản lý hành chính về trật tự xã hội, Công an cấp tỉnh.","Cấp Giấy phép trang bị vũ khí thể thao bằng dịch vụ công trực tuyến toàn trình hoặc trực tiếp thực hiện tại cấp trung ương, cấp tỉnh","Quản lý vũ khí,vật liệu nổ và công cụ hỗ trợ",https://conganthanhhoa.gov.vn/dich-vu-cong/quan-ly-vu-khi-vat-lieu-no-va-cong-cu-ho-tro/cap-giay-phep-trang-bi-vu-khi-the-thao-bang-dich-vu-cong-truc-tuyen-toan-trinh-hoac-truc-tiep-thuc-hien-tai-cap-trung-uo.html
,"Cục Cảnh sát quản lý hành chính về trật tự xã hội, Bộ Công an hoặc Phòng Cảnh sát quản lý hành chính về trật tự xã hội, Công an cấp tỉnh.","Cấp lại Giấy phép sử dụng vũ khí quân dụng bằng hình thức trực tiếp thực hiện tại cấp trung ương, cấp tỉnh","Quản lý vũ khí,vật liệu nổ và công cụ hỗ trợ",https://conganthanhhoa.gov.vn/dich-vu-cong/quan-ly-vu-khi-vat-lieu-no-va-cong-cu-ho-tro/cap-lai-giay-phep-su-dung-vu-khi-quan-dung-bang-hinh-thuc-truc-tiep-thuc-hien-tai-cap-trung-uong-cap-tinh.html
,"Cục Cảnh sát quản lý hành chính về trật tự xã hội, Bộ Công an hoặc Phòng Cảnh sát quản lý hành chính về trật tự xã hội, Công an cấp tỉnh.","Cấp Giấy phép sử dụng vũ khí quân dụng bằng hình thức trực tiếp thực hiện tại cấp trung ương, cấp tỉnh","Quản lý vũ khí,vật liệu nổ và công cụ hỗ trợ",https://conganthanhhoa.gov.vn/dich-vu-cong/quan-ly-vu-khi-vat-lieu-no-va-cong-cu-ho-tro/cap-giay-phep-su-dung-vu-khi-quan-dung-bang-hinh-thuc-truc-tiep-thuc-hien-tai-cap-trung-uong-cap-tinh.html
,"Cục Cảnh sát quản lý hành chính về trật tự xã hội, Bộ Công an hoặc Phòng Cảnh sát quản lý hành chính về trật tự xã hội, Công an cấp tỉnh.","Cấp Giấy phép trang bị vũ khí quân dụng bằng hình thức trực tiếp thực hiện tại cấp trung ương, cấp tỉnh","Quản lý vũ khí,vật liệu nổ và công cụ hỗ trợ",https://conganthanhhoa.gov.vn/dich-vu-cong/quan-ly-vu-khi-vat-lieu-no-va-cong-cu-ho-tro/cap-giay-phep-trang-bi-vu-khi-quan-dung-bang-hinh-thuc-truc-tiep-thuc-hien-tai-cap-trung-uong-cap-tinh.html
,"Cục Cảnh sát quản lý hành chính về trật tự xã hội, Bộ Công an hoặc Phòng Cảnh sát quản lý hành chính về trật tự xã hội, Công an cấp tỉnh.","Cấp Giấy phép trang bị, giấy phép sử dụng vũ khí, công cụ hỗ trợ để triển lãm, trưng bày hoặc làm đạo cụ trong hoạt động văn hóa, nghệ thuật bằng dịch vụ công trực tuyến toàn trình hoặc trực tiếp thực hiện tại cấp trung ương, cấp tỉnh","Quản lý vũ khí,vật liệu nổ và công cụ hỗ trợ",https://conganthanhhoa.gov.vn/dich-vu-cong/quan-ly-vu-khi-vat-lieu-no-va-cong-cu-ho-tro/cap-giay-phep-trang-bi-giay-phep-su-dung-vu-khi-cong-cu-ho-tro-de-trien-lam-trung-bay-hoac-lam-dao-cu-trong-hoat-dong-va.html
,"Cục Cảnh sát quản lý hành chính về trật tự xã hội, Bộ Công an hoặc Phòng Cảnh sát quản lý hành chính về trật tự xã hội, Công an cấp tỉnh.","Đăng ký khai báo công cụ hỗ trợ bằng dịch vụ công trực tuyến một phần hoặc trực tiếp thực hiện tại cấp trung ương, cấp tỉnh","Quản lý vũ khí,vật liệu nổ và công cụ hỗ trợ",https://conganthanhhoa.gov.vn/dich-vu-cong/quan-ly-vu-khi-vat-lieu-no-va-cong-cu-ho-tro/dang-ky-khai-bao-cong-cu-ho-tro-bang-dich-vu-cong-truc-tuyen-mot-phan-hoac-truc-tiep-thuc-hien-tai-cap-trung-uong-cap-ti.html
,"Công an xã, phường, thị trấn.","Khai báo vũ khí thô sơ là hiện vật trưng bày, triển lãm, làm đồ gia bảo bằng dịch vụ công trực tuyến một phần hoặc trực tiếp thực hiện tại cấp xã","Quản lý vũ khí,vật liệu nổ và công cụ hỗ trợ",https://conganthanhhoa.gov.vn/dich-vu-cong/quan-ly-vu-khi-vat-lieu-no-va-cong-cu-ho-tro/khai-bao-vu-khi-tho-so-la-hien-vat-trung-bay-trien-lam-lam-do-gia-bao-bang-dich-vu-cong-truc-tuyen-mot-phan-hoac-truc-ti.html
Thủ tục hành chính cấp độ 3,Phòng Quản lý xuất nhập cảnh,"Xác nhận, cung cấp thông tin liên quan đến xuất nhập cảnh của công dân Việt Nam",Quản lý xuất nhập cảnh,https://conganthanhhoa.gov.vn/dich-vu-cong/quan-ly-xuat-nhap-canh/xac-nhan-cung-cap-thong-tin-lien-quan-den-xuat-nhap-canh-cua-cong-dan-viet-nam.html
Thủ tục hành chính cấp độ 4,Phòng Quản lý xuất nhập cảnh,Trình báo mất thẻ ABTC tại Công an cấp tỉnh,Quản lý xuất nhập cảnh,https://conganthanhhoa.gov.vn/dich-vu-cong/quan-ly-xuat-nhap-canh/trinh-bao-mat-the-abtc.html
Thủ tục hành chính cấp độ 4,Phòng Quản lý xuất nhập cảnh,"Cấp giấy thông hành biên giới Việt Nam - Lào cho công dân Việt Nam làm việc trong các cơ quan, tổ chức, doanh nghiệp có trụ sở tại tỉnh có chung đường biên giới với Lào",Quản lý xuất nhập cảnh,https://conganthanhhoa.gov.vn/dich-vu-cong/quan-ly-xuat-nhap-canh/cap-giay-thong-hanh-bien-gioi-viet-nam-lao-cho-cong-dan-viet-nam-lam-viec-trong-cac-co-quan-to-chuc-doanh-nghiep-co-tru-.html
Thủ tục hành chính cấp độ 2,Phòng Quản lý xuất nhập cảnh,Cấp giấy chứng nhận về nước cho nạn nhân là công dân Việt Nam bị mua bán ra nước ngoài tại Công an cấp tỉnh,Quản lý xuất nhập cảnh,https://conganthanhhoa.gov.vn/dich-vu-cong/quan-ly-xuat-nhap-canh/cap-giay-chung-nhan-ve-nuoc-cho-nan-nhan-la-cong-dan-viet-na.html
Thủ tục hành chính cấp độ 4,Phòng Quản lý xuất nhập cảnh,Gia hạn tạm trú cho người đã được cấp giấy miễn thị thực,Quản lý xuất nhập cảnh,https://conganthanhhoa.gov.vn/dich-vu-cong/quan-ly-xuat-nhap-canh/thu-tuc-gia-han-tam-tru-cho-nguoi-da-duoc-cap-giay-mien-thi-.html
Thủ tục hành chính cấp độ 4,Phòng Quản lý xuất nhập cảnh,Khôi phục giá trị sử dụng hộ chiếu phổ thông,Quản lý xuất nhập cảnh,https://conganthanhhoa.gov.vn/dich-vu-cong/quan-ly-xuat-nhap-canh/khoi-phuc-gia-tri-su-dung-ho-chieu-pho-thong.html
Thủ tục hành chính cấp độ 4,Phòng Quản lý xuất nhập cảnh,Trình báo mất giấy thông hành,Quản lý xuất nhập cảnh,https://conganthanhhoa.gov.vn/dich-vu-cong/quan-ly-xuat-nhap-canh/trinh-bao-mat-giay-thong-hanh.html
Thủ tục hành chính cấp độ 2,Phòng Quản lý xuất nhập cảnh,Cấp giấy thông hành biên giới Việt Nam - Lào cho công dân Việt Nam có hộ khẩu thường trú ở tỉnh có chung đường biên giới với Lào,Quản lý xuất nhập cảnh,https://conganthanhhoa.gov.vn/dich-vu-cong/quan-ly-xuat-nhap-canh/cap-giay-thong-hanh-bien-gioi-viet-lao-cho-cong-dan-viet-nam.html
Thủ tục hành chính cấp độ 4,Phòng Quản lý xuất nhập cảnh,"Cấp lại giấy phép xuất, nhập cảnh cho người không quốc tịch cư trú tại Việt Nam",Quản lý xuất nhập cảnh,https://conganthanhhoa.gov.vn/dich-vu-cong/quan-ly-xuat-nhap-canh/cap-lai-giay-phep-xuat-nhap-canh-cho-nguoi-khong-quoc-tich-c.html
Thủ tục hành chính cấp độ 2,Phòng Quản lý xuất nhập cảnh,"Cấp giấy phép đến các tỉnh, thành phố của Việt Nam cho công dân Lào nhập cảnh bằng Giấy thông hành biên giới tại Công an cấp tỉnh",Quản lý xuất nhập cảnh,https://conganthanhhoa.gov.vn/dich-vu-cong/quan-ly-xuat-nhap-canh/cap-giay-phep-den-cac-tinh-thanh-pho-cua-viet-nam-cho-cong-d.html
Thủ tục hành chính cấp độ 4,Phòng Quản lý xuất nhập cảnh,Cấp giấy phép xuất nhập cảnh cho người không quốc tịch cư trú tại Việt Nam,Quản lý xuất nhập cảnh,https://conganthanhhoa.gov.vn/dich-vu-cong/quan-ly-xuat-nhap-canh/cap-giay-phep-xuat-nhap-canh-cho-nguoi-khong-quoc-tich-cu-tr.html
Thủ tục hành chính cấp độ 2,Phòng Quản lý xuất nhập cảnh,"Cấp giấy phép vào khu vực cấm, khu vực biên giới cho người nước ngoài tại Công an cấp tỉnh",Quản lý xuất nhập cảnh,https://conganthanhhoa.gov.vn/dich-vu-cong/quan-ly-xuat-nhap-canh/cap-giay-phep-vao-khu-vuc-cam-khu-vuc-bien-gioi-cho-nguoi-nu.html
Thủ tục hành chính cấp độ 2,Phòng Quản lý xuất nhập cảnh,Cấp lại thẻ thường trú cho người nước ngoài tại Việt Nam tại Công an cấp tỉnh,Quản lý xuất nhập cảnh,https://conganthanhhoa.gov.vn/dich-vu-cong/quan-ly-xuat-nhap-canh/cap-lai-the-thuong-tru-cho-nguoi-nuoc-ngoai-tai-viet-nam-tai.html
Thủ tục hành chính cấp độ 2,Phòng Quản lý xuất nhập cảnh,Cấp đổi thẻ thường trú cho người nước ngoài tại Việt Nam tại Công an cấp tỉnh,Quản lý xuất nhập cảnh,https://conganthanhhoa.gov.vn/dich-vu-cong/quan-ly-xuat-nhap-canh/cap-doi-the-thuong-tru-cho-nguoi-nuoc-ngoai-tai-viet-nam-tai.html
Thủ tục hành chính cấp độ 2,Phòng Quản lý xuất nhập cảnh,Cấp thẻ thường trú cho người nước ngoài tại Việt Nam,Quản lý xuất nhập cảnh,https://conganthanhhoa.gov.vn/dich-vu-cong/quan-ly-xuat-nhap-canh/cap-the-thuong-tru-cho-nguoi-nuoc-ngoai-tai-viet-nam.html
Thủ tục hành chính cấp độ 4,Phòng Quản lý xuất nhập cảnh,Gia hạn tạm trú cho người nước ngoài tại Việt Nam,Quản lý xuất nhập cảnh,https://conganthanhhoa.gov.vn/dich-vu-cong/quan-ly-xuat-nhap-canh/gia-han-tam-tru-cho-nguoi-nuoc-ngoai-tai-viet-nam.html
Thủ tục hành chính cấp độ 4,Phòng Quản lý xuất nhập cảnh,Cấp thị thực cho người nước ngoài tại Việt Nam,Quản lý xuất nhập cảnh,https://conganthanhhoa.gov.vn/dich-vu-cong/quan-ly-xuat-nhap-canh/cap-thi-thuc-cho-nguoi-nuoc-ngoai-tai-viet-nam.html
Thủ tục hành chính cấp độ 2,Phòng Quản lý xuất nhập cảnh,Cấp thẻ tạm trú cho người nước ngoài tại Việt Nam tại Công an cấp tỉnh,Quản lý xuất nhập cảnh,https://conganthanhhoa.gov.vn/dich-vu-cong/quan-ly-xuat-nhap-canh/cap-the-tam-tru-cho-nguoi-nuoc-ngoai-tai-viet-nam-tai-cong-a.html
Thủ tục hành chính cấp độ 4,Phòng Quản lý xuất nhập cảnh,Trình báo mất hộ chiếu phổ thông,Quản lý xuất nhập cảnh,https://conganthanhhoa.gov.vn/dich-vu-cong/quan-ly-xuat-nhap-canh/trinh-bao-mat-ho-chieu.html
Thủ tục hành chính cấp độ 4,Phòng Quản lý xuất nhập cảnh,Cấp hộ chiếu phổ thông ở trong nước,Quản lý xuất nhập cảnh,https://conganthanhhoa.gov.vn/dich-vu-cong/quan-ly-xuat-nhap-canh/cap-ho-chieu-pho-thong.html
Thủ tục hành chính cấp độ 4,Phòng Quản lý xuất nhập cảnh,Khai báo tạm trú cho người nước ngoài tại Việt Nam qua Trang thông tin điện tử,Quản lý xuất nhập cảnh,https://conganthanhhoa.gov.vn/dich-vu-cong/quan-ly-xuat-nhap-canh/khai-bao-tam-tru-cho-nguoi-nuoc-ngoai-tai-viet-nam-qua-trang.html
Thủ tục hành chính cấp độ 4,Công an cấp xã,Cấp giấy thông hành biên giới Việt Nam - Lào cho công dân Việt Nam có hộ khẩu thường trú ở tỉnh có chung đường biên giới với Lào,Quản lý xuất nhập cảnh,https://conganthanhhoa.gov.vn/dich-vu-cong/quan-ly-xuat-nhap-canh/cap-giay-thong-hanh-bien-gioi-viet-nam-lao-cho-cong-dan-viet-nam-co-ho-khau-thuong-tru-o-tinh-co-chung-duong-bien-gioi-v2.html
Thủ tục hành chính cấp độ 4,Công an cấp xã,Trình báo mất giấy thông hành,Quản lý xuất nhập cảnh,https://conganthanhhoa.gov.vn/dich-vu-cong/quan-ly-xuat-nhap-canh/trinh-bao-mat-giay-thong-hanh3.html
Thủ tục hành chính cấp độ 4,Công an cấp xã,Trình báo mất thẻ ABTC,Quản lý xuất nhập cảnh,https://conganthanhhoa.gov.vn/dich-vu-cong/quan-ly-xuat-nhap-canh/trinh-bao-mat-the-abtc3.html
Thủ tục hành chính cấp độ 4,Công an cấp xã,Trình báo mất hộ chiếu phổ thông,Quản lý xuất nhập cảnh,https://conganthanhhoa.gov.vn/dich-vu-cong/quan-ly-xuat-nhap-canh/trinh-bao-mat-ho-chieu-pho-thong2.html
Thủ tục hành chính cấp độ 2,Công an cấp xã,Khai báo tạm trú cho người nước ngoài tại Việt Nam bằng Phiếu khai báo tạm trú,Quản lý xuất nhập cảnh,https://conganthanhhoa.gov.vn/dich-vu-cong/quan-ly-xuat-nhap-canh/khai-bao-tam-tru-cho-nguoi-nuoc-ngoai-tai-viet-nam-bang-phie.html
Thủ tục hành chính cấp độ 2,Phòng Tổ chức cán bộ,Tuyển lao động hợp đồng trong Công an nhân dân,Tổ chức cán bộ,https://conganthanhhoa.gov.vn/dich-vu-cong/to-chuc-can-bo/tuyen-lao-dong-hop-dong-trong-cong-an-nhan-dan.html
Thủ tục hành chính cấp độ 2,Phòng Tổ chức cán bộ,Tuyển chọn công dân vào Công an nhân dân,Tổ chức cán bộ,https://conganthanhhoa.gov.vn/dich-vu-cong/to-chuc-can-bo/tuyen-chon-cong-dan-vao-cong-an-nhan-dan.html
Thủ tục hành chính cấp độ 2,Phòng Tổ chức cán bộ,Tuyển sinh vào các trường Công an nhân dân tại Công an cấp tỉnh,Tổ chức cán bộ,https://conganthanhhoa.gov.vn/dich-vu-cong/to-chuc-can-bo/tuyen-sinh-vao-cac-truong-cong-an-nhan-dan-tai-cong-an-cap-t.html
Thủ tục hành chính cấp độ 2,Công an cấp huyện,"Tuyển chọn công dân phục vụ có thời hạn trong Công an nhân dân tại Công an tỉnh, thành phố trực thuộc Trung ương",Tổ chức cán bộ,https://conganthanhhoa.gov.vn/dich-vu-cong/to-chuc-can-bo/tuyen-chon-cong-dan-phuc-vu-co-thoi-han-trong-cong-an-nhan-d.html
Thủ tục hành chính cấp độ 2,Phòng Hồ sơ - Công an tỉnh,Cấp Giấy xác nhận không có tiền án cho công dân,Lĩnh vực khác,https://conganthanhhoa.gov.vn/danh-sach-dich-vu-cong/linh-vuc-khac/cap-giay-xac-nhan-khong-co-tien-an-cho-cong-dan.html
Thủ tục hành chính cấp độ 3,"Cơ quan quản lý xuất nhập cảnh Công an tỉnh, thành phố trực thuộc trung ương.",Cấp tài khoản định danh điện tử mức độ 02 cho người nước ngoài tại Công an cấp tỉnh,Định danh và xác thực điện tử,https://conganthanhhoa.gov.vn/danh-sach-dich-vu-cong/dinh-danh-va-xac-thuc-dien-tu/dang-ky-tai-khoan-dinh-danh-dien-tu-muc-do-2-doi-voi-nguoi-nuoc-ngoai.html
Thủ tục hành chính cấp độ 3,"- Cơ quan thực hiện: Phòng Cảnh sát quản lý hành chính về trật tự xã hội, Công an tỉnh, thành phố. - Cơ quan có thẩm quyền: Cục Cảnh sát quản lý hành chính về trật tự xã hội, Bộ Công an.","Cấp tài khoản định danh điện tử mức độ 02, căn cước điện tử cho công dân Việt Nam tại Công an cấp tỉnh",Định danh và xác thực điện tử,https://conganthanhhoa.gov.vn/danh-sach-dich-vu-cong/dinh-danh-va-xac-thuc-dien-tu/dang-ky-tai-khoan-dinh-danh-dien-tu-muc-do-2-doi-voi-cong-dan-viet-nam.html
,"- Cơ quan thực hiện: Phòng Cảnh sát quản lý hành chính về trật tự xã hội, Công an tỉnh, thành phố. - Cơ quan có thẩm quyền: Cục Cảnh sát quản lý hành chính về trật tự xã hội, Bộ Công an.",Khóa tài khoản định danh điện tử tại Công an cấp tỉnh,Định danh và xác thực điện tử,https://conganthanhhoa.gov.vn/danh-sach-dich-vu-cong/dinh-danh-va-xac-thuc-dien-tu/khoa-tai-khoan-dinh-danh-dien-tu-tai-cong-an-cap-tinh.html
,"- Cơ quan thực hiện: Phòng Cảnh sát quản lý hành chính về trật tự xã hội, Công an tỉnh, thành phố. - Cơ quan có thẩm quyền: Cục Cảnh sát quản lý hành chính về trật tự xã hội, Bộ Công an.",Mở khóa tài khoản định danh điện tử tại Công an cấp tỉnh,Định danh và xác thực điện tử,https://conganthanhhoa.gov.vn/danh-sach-dich-vu-cong/dinh-danh-va-xac-thuc-dien-tu/mo-khoa-tai-khoan-dinh-danh-dien-tu-tai-cong-an-cap-tinh.html
,"- Cơ quan thực hiện: Phòng Cảnh sát quản lý hành chính về trật tự xã hội, Công an tỉnh, thành phố. - Cơ quan có thẩm quyền: Cục Cảnh sát quản lý hành chính về trật tự xã hội, Bộ Công an.",Khóa căn cước điện tử tại Công an cấp tỉnh,Định danh và xác thực điện tử,https://conganthanhhoa.gov.vn/danh-sach-dich-vu-cong/dinh-danh-va-xac-thuc-dien-tu/khoa-can-cuoc-dien-tu-tai-cong-an-cap-tinh.html
,"- Cơ quan thực hiện: Phòng Cảnh sát quản lý hành chính về trật tự xã hội, Công an tỉnh, thành phố. - Cơ quan có thẩm quyền: Cục Cảnh sát quản lý hành chính về trật tự xã hội, Bộ Công an.",Mở khóa căn cước điện tử tại Công an cấp tỉnh,Định danh và xác thực điện tử,https://conganthanhhoa.gov.vn/danh-sach-dich-vu-cong/dinh-danh-va-xac-thuc-dien-tu/mo-khoa-can-cuoc-dien-tu-tai-cong-an-cap-tinh.html
,"- Cơ quan thực hiện: Phòng Cảnh sát quản lý hành chính về trật tự xã hội, Công an tỉnh, thành phố trực thuộc trung ương. - Cơ quan có thẩm quyền: Cục Cảnh sát quản lý hành chính về trật tự xã hội, Bộ Công an.","Cấp tài khoản định danh điện tử cho cơ quan, tổ chức tại Công an cấp tỉnh",Định danh và xác thực điện tử,https://conganthanhhoa.gov.vn/danh-sach-dich-vu-cong/dinh-danh-va-xac-thuc-dien-tu/cap-tai-khoan-dinh-danh-dien-tu-cho-co-quan-to-chuc-tai-cong-an-cap-tinh.html
,"- Cơ quan thực hiện: Công an cấp xã. - Cơ quan có thẩm quyền: Cục Cảnh sát quản lý hành chính về trật tự xã hội, Bộ Công an.","Cấp tài khoản định danh điện tử cho cơ quan, tổ chức tại Công an cấp xã",Định danh và xác thực điện tử,https://conganthanhhoa.gov.vn/danh-sach-dich-vu-cong/dinh-danh-va-xac-thuc-dien-tu/cap-tai-khoan-dinh-danh-dien-tu-cho-co-quan-to-chuc2.html
,"- Cơ quan thực hiện: Công an cấp xã. - Cơ quan có thẩm quyền: Cục Cảnh sát quản lý hành chính về trật tự xã hội, Bộ Công an.",Mở khóa căn cước điện tử tại Công an cấp xã,Định danh và xác thực điện tử,https://conganthanhhoa.gov.vn/danh-sach-dich-vu-cong/dinh-danh-va-xac-thuc-dien-tu/mo-khoa-can-cuoc-dien-tu-tai-cong-an-cap-xa.html
,"- Cơ quan thực hiện: Công an cấp xã. - Cơ quan có thẩm quyền: Cục Cảnh sát quản lý hành chính về trật tự xã hội, Bộ Công an.",Khóa căn cước điện tử tại Công an cấp xã,Định danh và xác thực điện tử,https://conganthanhhoa.gov.vn/danh-sach-dich-vu-cong/dinh-danh-va-xac-thuc-dien-tu/khoa-can-cuoc-dien-tu-tai-cong-an-cap-xa.html
,"- Cơ quan thực hiện: Công an cấp xã. - Cơ quan có thẩm quyền: Cục Cảnh sát quản lý hành chính về trật tự xã hội, Bộ Công an.",Khóa tài khoản định danh điện tử tại Công an cấp xã,Định danh và xác thực điện tử,https://conganthanhhoa.gov.vn/danh-sach-dich-vu-cong/dinh-danh-va-xac-thuc-dien-tu/khoa-tai-khoan-dinh-danh-dien-tu-tai-cong-an-cap-xa.html
,"- Cơ quan thực hiện: Công an cấp xã. - Cơ quan có thẩm quyền: Cục Cảnh sát quản lý hành chính về trật tự xã hội, Bộ Công an.",Mở khóa tài khoản định danh điện tử tại Công an cấp xã,Định danh và xác thực điện tử,https://conganthanhhoa.gov.vn/danh-sach-dich-vu-cong/dinh-danh-va-xac-thuc-dien-tu/mo-khoa-tai-khoan-dinh-danh-dien-tu-tai-cong-an-cap-xa.html
Thủ tục hành chính cấp độ 3,"- Cơ quan thực hiện: Công an cấp xã. - Cơ quan có thẩm quyền: Cục Cảnh sát quản lý hành chính về trật tự xã hội, Bộ Công an.","Cấp tài khoản định danh điện tử mức độ 02, căn cước điện tử cho công dân Việt Nam tại Công an cấp xã",Định danh và xác thực điện tử,https://conganthanhhoa.gov.vn/danh-sach-dich-vu-cong/dinh-danh-va-xac-thuc-dien-tu/dang-ky-tai-khoan-dinh-danh-dien-tu-muc-do-2-doi-voi-cong-dan-viet-nam3.html
,Công an tỉnh.,"CẤP PHIẾU LÝ LỊCH TƯ PHÁP THEO YÊU CẦU CƠ QUAN TIẾN HÀNH TỐ TỤNG (ĐỐI TƯỢNG LÀ CÔNG DÂN VIỆT NAM, NGƯỜI NƯỚC NGOÀI ĐANG CƯ TRÚ TẠI VIỆT NAM)",Lý lịch tư pháp,https://conganthanhhoa.gov.vn/danh-sach-dich-vu-cong/ly-lich-tu-phap/cap-phieu-ly-lich-tu-phap-theo-yeu-cau-co-quan-tien-hanh-to-tung-doi-tuong-la-cong-dan-viet-nam-nguoi-nuoc-ngoai-dang-cu.html
,Công an tỉnh.,"CẤP PHIẾU LÝ LỊCH TƯ PHÁP CHO CÔNG DÂN VIỆT NAM, NGƯỜI NƯỚC NGOÀI ĐANG CƯ TRÚ TẠI VIỆT NAM",Lý lịch tư pháp,https://conganthanhhoa.gov.vn/danh-sach-dich-vu-cong/ly-lich-tu-phap/cap-phieu-ly-lich-tu-phap-cho-cong-dan-viet-nam-nguoi-nuoc-ngoai-dang-cu-tru-tai-viet-nam.html
,Công an tỉnh,"CẤP PHIẾU LÝ LỊCH TƯ PHÁP THEO YÊU CẦU CỦA CƠ QUAN NHÀ NƯỚC, TỔ CHỨC CHÍNH TRỊ XÃ HỘI (ĐỐI TƯỢNG LÀ CÔNG DÂN VIỆT NAM, NGƯỜI NƯỚC NGOÀI CƯ TRÚ Ở VIỆT NAM)",Lý lịch tư pháp,https://conganthanhhoa.gov.vn/danh-sach-dich-vu-cong/ly-lich-tu-phap/cap-phieu-ly-lich-tu-phap-theo-yeu-cau-cua-co-quan-nha-nuoc-to-chuc-chinh-tri-xa-hoi-doi-tuong-la-cong-dan-viet-nam-nguo.html
Thủ tục hành chính cấp độ 3,Phòng Quản lý xuất nhập cảnh,"Cấp giấy phép kiểm soát an ninh cảng hàng không, sân bay có giá trị sử dụng ngắn hạn",Bảo đảm an ninh hàng không,https://conganthanhhoa.gov.vn/dich-vu-cong/quan-ly-xuat-nhap-canh/cap-giay-phep-kiem-soat-an-ninh-cang-hang-khong-san-bay-co-gia-tri-su-dung-ngan-han.html
Thủ tục hành chính cấp độ 3,Phòng Quản lý xuất nhập cảnh,"Cấp lại giấy phép kiểm soát an ninh cảng hàng không, sân bay có giá trị sử dụng dài hạn",Bảo đảm an ninh hàng không,https://conganthanhhoa.gov.vn/dich-vu-cong/quan-ly-xuat-nhap-canh/cap-lai-giay-phep-kiem-soat-an-ninh-cang-hang-khong-san-bay-co-gia-tri-su-dung-dai-han.html
Thủ tục hành chính cấp độ 3,Phòng Quản lý xuất nhập cảnh,"Cấp mới giấy phép kiểm soát an ninh cảng hàng không, sân bay có giá trị sử dụng dài hạn",Bảo đảm an ninh hàng không,https://conganthanhhoa.gov.vn/dich-vu-cong/quan-ly-xuat-nhap-canh/cap-moi-giay-phep-kiem-soat-an-ninh-cang-hang-khong-san-bay-co-gia-tri-su-dung-dai-han.html
Thủ tục hành chính cấp độ 3,Phòng Quản lý xuất nhập cảnh,"Cấp thẻ kiểm soát an ninh cảng hàng không, sân bay có giá trị sử dụng ngắn hạn",Bảo đảm an ninh hàng không,https://conganthanhhoa.gov.vn/dich-vu-cong/quan-ly-xuat-nhap-canh/cap-the-kiem-soat-an-ninh-cang-hang-khong-san-bay-co-gia-tri-su-dung-ngan-han.html
Thủ tục hành chính cấp độ 3,Phòng Quản lý xuất nhập cảnh,"Cấp lại thẻ kiểm soát an ninh cảng hàng không, sân bay có giá trị sử dụng dài hạn",Bảo đảm an ninh hàng không,https://conganthanhhoa.gov.vn/dich-vu-cong/quan-ly-xuat-nhap-canh/cap-lai-the-kiem-soat-an-ninh-cang-hang-khong-san-bay-co-gia-tri-su-dung-dai-han.html
Thủ tục hành chính cấp độ 3,Phòng Quản lý xuất nhập cảnh,"Cấp mới thẻ kiểm soát an ninh cảng hàng không, sân bay có giá trị sử dụng dài hạn",Bảo đảm an ninh hàng không,https://conganthanhhoa.gov.vn/dich-vu-cong/quan-ly-xuat-nhap-canh/cap-moi-the-kiem-soat-an-ninh-cang-hang-khong-san-bay-co-gia-tri-su-dung-dai-han.html
,Phòng Cảnh sát quản lý hành chính về trật tự xã hội Công an cấp tỉnh.,Thủ tục cấp Giấy phép vận chuyển pháo hoa để kinh doanh tại Công an cấp tỉnh,"Quản lý, sử dụng pháo",https://conganthanhhoa.gov.vn/danh-sach-dich-vu-cong/quan-ly-su-dung-phao/thu-tuc-cap-giay-phep-van-chuyen-phao-hoa-de-kinh-doanh.html
